Peptide,x,y,Target,ClusterID,ImmunogenicityScore,ImmunogenicityScore_Cluster_Average,ImmunogenicityScore_Cluster_Diff_Max,ImmunogenicityScore_Cluster_Diff_Min,ImmunogenicityScore_Diff_Max,ImmunogenicityScore_Diff_Min,Peptide_Type
AEKSNIIRGW,1.3775915875462836,0.4592878242378552,Target,Cluster1,0.8223,0.8223,0.024349999999999983,0.1045666666666667,0.024349999999999983,0.1045666666666667,InSilicoMutated
CEKSNIIRGW,0.6989253672152973,0.3000587681227645,Target,Cluster2,0.83965,0.83965,0.007000000000000006,0.12191666666666667,0.007000000000000006,0.12191666666666667,InSilicoMutated
DEKSNIIRGW,1.6420946008066664,1.072760636686431,Target,Cluster3,0.84665,0.84665,-0.0017000000000000348,0.12891666666666668,0,0.12891666666666668,InSilicoMutated
EEKSNIIRGW,1.2864551250630336,1.688232130343399,Target,Cluster4,0.835,0.835,0.01165000000000005,0.11726666666666663,0.01165000000000005,0.11726666666666663,InSilicoMutated
FEKSNIIRGW,0.17144568242040412,0.8090300701777836,Target,Cluster5,0.8442000000000001,0.8442000000000001,0.0024499999999999522,0.12646666666666673,0.0024499999999999522,0.12646666666666673,InSilicoMutated
GEKSNIIRGW,0.9221621122613225,1.8252458906261986,Target,Cluster6,0.8349500000000001,0.8349500000000001,0.011699999999999933,0.11721666666666675,0.011699999999999933,0.11721666666666675,InSilicoMutated
HEKSNIIRGW,0.6366951889870605,1.660940039196933,Target,Cluster7,0.84255,0.84255,0.0040999999999999925,0.12481666666666669,0.0040999999999999925,0.12481666666666669,InSilicoMutated
IEKSNIIRGW,0.5051462668140951,0.8612521179798917,Target,Cluster8,0.84495,0.84495,0.0017000000000000348,0.12721666666666664,0.0017000000000000348,0.12721666666666664,InSilicoMutated
KEKSNIIRGW,1.182667293172941,0.7707063916379682,Target,Cluster9,0.8416,0.8416,0.005049999999999999,0.12386666666666668,0.005049999999999999,0.12386666666666668,InSilicoMutated
LEKSNIIRGW,0.8555852185145653,1.1083795651977526,Target,Cluster10,0.8440000000000001,0.8440000000000001,0.00264999999999993,0.12626666666666675,0.00264999999999993,0.12626666666666675,InSilicoMutated
MEKSNIIRGW,1.0152406235950442,1.4697536649812029,Target,Cluster11,0.82465,0.82465,0.02200000000000002,0.10691666666666666,0.02200000000000002,0.10691666666666666,InSilicoMutated
NEKSNIIRGW,1.5382011729389746,1.4350433128404902,Target,Cluster12,0.83485,0.83485,0.011800000000000033,0.11711666666666665,0.011800000000000033,0.11711666666666665,InSilicoMutated
PEKSNIIRGW,1.2802152584423339,1.1587252252910472,Target,Cluster13,0.81745,0.81745,0.029200000000000004,0.09971666666666668,0.029200000000000004,0.09971666666666668,InSilicoMutated
QEKSNIIRGW,1.5769360740953056,0.7552453000764056,Target,Cluster14,0.8295,0.8295,0.01715,0.11176666666666668,0.01715,0.11176666666666668,InSilicoMutated
REKSNIIRGW,0.3896332482191081,0.49126714812613054,Target,Cluster15,0.8367,0.8367,0.009950000000000014,0.11896666666666667,0.009950000000000014,0.11896666666666667,InSilicoMutated
SEKSNIIRGW,0.316678034989135,1.570098027438853,Target,Cluster16,0.8229,0.8229,0.02375000000000005,0.10516666666666663,0.02375000000000005,0.10516666666666663,InSilicoMutated
TAKSNIIRGW,-1.2525402200401938,1.2727702094564,Target,Cluster2,0.5533428571428571,0.45150498511904763,-0.4415049851190476,0.4415049851190476,0.27930714285714286,0.5433428571428571,InSilicoMutated
TCKSNIIRGW,-1.2927091211938808,0.1406079068288781,Target,Cluster2,0.2452,0.45150498511904763,-0.4415049851190476,0.4415049851190476,0.58745,0.2352,InSilicoMutated
TDKSNIIRGW,-1.7393103375688432,0.11301809935056811,Target,Cluster2,0.7072499999999999,0.45150498511904763,-0.4415049851190476,0.4415049851190476,0.12540000000000007,0.6972499999999999,InSilicoMutated
TEASNIIRGW,1.3775915875462836,0.4592878242378552,Target,Cluster1,0.7989857142857143,0.7989857142857143,0.09994761904761906,0.19822321428571432,0.09994761904761906,0.19822321428571432,InSilicoMutated
TECSNIIRGW,0.6989253672152973,0.3000587681227645,Target,Cluster2,0.8030666666666667,0.8030666666666667,0.09586666666666666,0.20230416666666673,0.09586666666666666,0.20230416666666673,InSilicoMutated
TEDSNIIRGW,1.6420946008066664,1.072760636686431,Target,Cluster3,0.8989333333333334,0.8989333333333334,-0.005133333333333434,0.2981708333333334,0,0.2981708333333334,InSilicoMutated
TEESNIIRGW,1.2864551250630336,1.688232130343399,Target,Cluster4,0.8937999999999999,0.8937999999999999,0.005133333333333434,0.29303749999999995,0.005133333333333434,0.29303749999999995,InSilicoMutated
TEFSNIIRGW,0.17144568242040412,0.8090300701777836,Target,Cluster5,0.7794,0.7794,0.11953333333333338,0.1786375,0.11953333333333338,0.1786375,InSilicoMutated
TEGSNIIRGW,0.9221621122613225,1.8252458906261986,Target,Cluster6,0.7523500000000001,0.7523500000000001,0.1465833333333333,0.1515875000000001,0.1465833333333333,0.1515875000000001,InSilicoMutated
TEHSNIIRGW,0.6366951889870605,1.660940039196933,Target,Cluster7,0.7355666666666667,0.7355666666666667,0.16336666666666666,0.13480416666666672,0.16336666666666666,0.13480416666666672,InSilicoMutated
TEISNIIRGW,0.5051462668140951,0.8612521179798917,Target,Cluster8,0.69968,0.69968,0.1992533333333334,0.09891749999999999,0.1992533333333334,0.09891749999999999,InSilicoMutated
TEKANIIRGW,1.3775915875462836,0.4592878242378552,Target,Cluster1,0.7582500000000001,0.7582500000000001,0.14084999999999992,0.053300000000000125,0.14084999999999992,0.053300000000000125,InSilicoMutated
TEKCNIIRGW,0.6989253672152973,0.3000587681227645,Target,Cluster2,0.8605,0.8605,0.03859999999999997,0.15555000000000008,0.03859999999999997,0.15555000000000008,InSilicoMutated
TEKDNIIRGW,1.6420946008066664,1.072760636686431,Target,Cluster3,0.8991,0.8991,-0.003950000000000009,0.19415000000000004,0,0.19415000000000004,InSilicoMutated
TEKENIIRGW,1.2864551250630336,1.688232130343399,Target,Cluster4,0.8764000000000001,0.8764000000000001,0.022699999999999942,0.1714500000000001,0.022699999999999942,0.1714500000000001,InSilicoMutated
TEKFNIIRGW,0.17144568242040412,0.8090300701777836,Target,Cluster5,0.8524,0.8524,0.046699999999999964,0.14745000000000008,0.046699999999999964,0.14745000000000008,InSilicoMutated
TEKGNIIRGW,0.9221621122613225,1.8252458906261986,Target,Cluster6,0.79535,0.79535,0.10375000000000001,0.09040000000000004,0.10375000000000001,0.09040000000000004,InSilicoMutated
TEKHNIIRGW,0.6366951889870605,1.660940039196933,Target,Cluster7,0.85865,0.85865,0.040449999999999986,0.15370000000000006,0.040449999999999986,0.15370000000000006,InSilicoMutated
TEKINIIRGW,0.5051462668140951,0.8612521179798917,Target,Cluster8,0.8260000000000001,0.8260000000000001,0.07309999999999994,0.1210500000000001,0.07309999999999994,0.1210500000000001,InSilicoMutated
TEKKNIIRGW,1.182667293172941,0.7707063916379682,Target,Cluster9,0.86545,0.86545,0.03364999999999996,0.1605000000000001,0.03364999999999996,0.1605000000000001,InSilicoMutated
TEKLNIIRGW,0.8555852185145653,1.1083795651977526,Target,Cluster10,0.83415,0.83415,0.06495000000000006,0.12919999999999998,0.06495000000000006,0.12919999999999998,InSilicoMutated
TEKNNIIRGW,1.0152406235950442,1.4697536649812029,Target,Cluster11,0.88045,0.88045,0.018650000000000055,0.1755,0.018650000000000055,0.1755,InSilicoMutated
TEKPNIIRGW,1.5382011729389746,1.4350433128404902,Target,Cluster12,0.89515,0.89515,0.003950000000000009,0.19020000000000004,0.003950000000000009,0.19020000000000004,InSilicoMutated
TEKQNIIRGW,1.2802152584423339,1.1587252252910472,Target,Cluster13,0.83405,0.83405,0.06505000000000005,0.1291,0.06505000000000005,0.1291,InSilicoMutated
TEKRNIIRGW,1.5769360740953056,0.7552453000764056,Target,Cluster14,0.80385,0.80385,0.09525000000000006,0.09889999999999999,0.09525000000000006,0.09889999999999999,InSilicoMutated
TEKSCIIRGW,1.3775915875462836,0.4592878242378552,Target,Cluster1,0.8532,0.8532,0.04455000000000009,0.14074999999999993,0.04455000000000009,0.14074999999999993,InSilicoMutated
TEKSDIIRGW,0.6989253672152973,0.3000587681227645,Target,Cluster2,0.7766500000000001,0.7766500000000001,0.12109999999999999,0.06420000000000003,0.12109999999999999,0.06420000000000003,InSilicoMutated
TEKSEIIRGW,1.6420946008066664,1.072760636686431,Target,Cluster3,0.84695,0.84695,0.05080000000000007,0.13449999999999995,0.05080000000000007,0.13449999999999995,InSilicoMutated
TEKSFIIRGW,1.2864551250630336,1.688232130343399,Target,Cluster4,0.8229,0.8229,0.07485000000000008,0.11044999999999994,0.07485000000000008,0.11044999999999994,InSilicoMutated
TEKSGIIRGW,0.17144568242040412,0.8090300701777836,Target,Cluster5,0.7403,0.7403,0.1574500000000001,0.02784999999999993,0.1574500000000001,0.02784999999999993,InSilicoMutated
TEKSHIIRGW,0.9221621122613225,1.8252458906261986,Target,Cluster6,0.8569,0.8569,0.04085000000000005,0.14444999999999997,0.04085000000000005,0.14444999999999997,InSilicoMutated
TEKSIIIRGW,0.6366951889870605,1.660940039196933,Target,Cluster7,0.8378,0.8378,0.05995000000000006,0.12534999999999996,0.05995000000000006,0.12534999999999996,InSilicoMutated
TEKSKIIRGW,0.5051462668140951,0.8612521179798917,Target,Cluster8,0.8021499999999999,0.8021499999999999,0.09560000000000013,0.08969999999999989,0.09560000000000013,0.08969999999999989,InSilicoMutated
TEKSLIIRGW,1.182667293172941,0.7707063916379682,Target,Cluster9,0.869,0.869,0.028750000000000053,0.15654999999999997,0.028750000000000053,0.15654999999999997,InSilicoMutated
TEKSMIIRGW,0.8555852185145653,1.1083795651977526,Target,Cluster10,0.7864,0.7864,0.11135000000000006,0.07394999999999996,0.11135000000000006,0.07394999999999996,InSilicoMutated
TEKSNAIRGW,1.3775915875462836,0.4592878242378552,Target,Cluster1,0.7717499999999999,0.7717499999999999,0.10060000000000002,0.23039999999999994,0.10060000000000002,0.23039999999999994,InSilicoMutated
TEKSNCIRGW,0.6989253672152973,0.3000587681227645,Target,Cluster2,0.65155,0.65155,0.2208,0.11019999999999996,0.2208,0.11019999999999996,InSilicoMutated
TEKSNDIRGW,1.6420946008066664,1.072760636686431,Target,Cluster3,0.6307499999999999,0.6307499999999999,0.24160000000000004,0.08939999999999992,0.24160000000000004,0.08939999999999992,InSilicoMutated
TEKSNEIRGW,1.2864551250630336,1.688232130343399,Target,Cluster4,0.7168,0.7168,0.15554999999999997,0.17545,0.15554999999999997,0.17545,InSilicoMutated
TEKSNFIRGW,0.17144568242040412,0.8090300701777836,Target,Cluster5,0.8555,0.8555,0.01684999999999992,0.31415000000000004,0.01684999999999992,0.31415000000000004,InSilicoMutated
TEKSNHIRGW,0.9221621122613225,1.8252458906261986,Target,Cluster6,0.8514999999999999,0.8514999999999999,0.020850000000000035,0.3101499999999999,0.020850000000000035,0.3101499999999999,InSilicoMutated
TEKSNIARGW,1.3775915875462836,0.4592878242378552,Target,Cluster1,0.8193,0.8193,0.04520000000000002,0.37435,0.04520000000000002,0.37435,InSilicoMutated
TEKSNICRGW,0.6989253672152973,0.3000587681227645,Target,Cluster2,0.7058,0.7058,0.15870000000000006,0.26084999999999997,0.15870000000000006,0.26084999999999997,InSilicoMutated
TEKSNIDRGW,1.6420946008066664,1.072760636686431,Target,Cluster3,0.6388499999999999,0.6388499999999999,0.22565000000000013,0.1938999999999999,0.22565000000000013,0.1938999999999999,InSilicoMutated
TEKSNIERGW,1.2864551250630336,1.688232130343399,Target,Cluster4,0.6755,0.6755,0.18900000000000006,0.23054999999999998,0.18900000000000006,0.23054999999999998,InSilicoMutated
TEKSNIFRGW,0.17144568242040412,0.8090300701777836,Target,Cluster5,0.6374500000000001,0.6374500000000001,0.22704999999999997,0.19250000000000006,0.22704999999999997,0.19250000000000006,InSilicoMutated
TEKSNIHRGW,0.9221621122613225,1.8252458906261986,Target,Cluster6,0.8026500000000001,0.8026500000000001,0.06184999999999996,0.3577000000000001,0.06184999999999996,0.3577000000000001,InSilicoMutated
TEKSNIIAGW,1.3775915875462836,0.4592878242378552,Target,Cluster1,0.79915,0.79915,0.04438333333333333,0.17911,0.04438333333333333,0.17911,InSilicoMutated
TEKSNIICGW,0.6989253672152973,0.3000587681227645,Target,Cluster2,0.62815,0.62815,0.21538333333333337,0.00810999999999995,0.21538333333333337,0.00810999999999995,InSilicoMutated
TEKSNIIDGW,1.6420946008066664,1.072760636686431,Target,Cluster3,0.82345,0.82345,0.020083333333333342,0.20340999999999998,0.020083333333333342,0.20340999999999998,InSilicoMutated
TEKSNIIEGW,1.2864551250630336,1.688232130343399,Target,Cluster4,0.83235,0.83235,0.011183333333333323,0.21231,0.011183333333333323,0.21231,InSilicoMutated
TEKSNIIGGW,0.17144568242040412,0.8090300701777836,Target,Cluster5,0.7760499999999999,0.7760499999999999,0.06748333333333345,0.15600999999999987,0.06748333333333345,0.15600999999999987,InSilicoMutated
TEKSNIIHGW,0.9221621122613225,1.8252458906261986,Target,Cluster6,0.8435333333333334,0.8435333333333334,-0.010883333333333356,0.22349333333333332,0,0.22349333333333332,InSilicoMutated
TEKSNIIIGW,0.6366951889870605,1.660940039196933,Target,Cluster7,0.78535,0.78535,0.058183333333333365,0.16530999999999996,0.058183333333333365,0.16530999999999996,InSilicoMutated
TEKSNIIKGW,0.5051462668140951,0.8612521179798917,Target,Cluster8,0.73255,0.73255,0.11098333333333332,0.11251,0.11098333333333332,0.11251,InSilicoMutated
TEKSNIILGW,1.182667293172941,0.7707063916379682,Target,Cluster9,0.7824,0.7824,0.06113333333333337,0.16235999999999995,0.06113333333333337,0.16235999999999995,InSilicoMutated
TEKSNIIMGW,0.8555852185145653,1.1083795651977526,Target,Cluster10,0.79505,0.79505,0.04848333333333332,0.17501,0.04848333333333332,0.17501,InSilicoMutated
TEKSNIINGW,1.0152406235950442,1.4697536649812029,Target,Cluster11,0.8000499999999999,0.8000499999999999,0.04348333333333343,0.1800099999999999,0.04348333333333343,0.1800099999999999,InSilicoMutated
TEKSNIIPGW,1.5382011729389746,1.4350433128404902,Target,Cluster12,0.6967000000000001,0.6967000000000001,0.14683333333333326,0.07666000000000006,0.14683333333333326,0.07666000000000006,InSilicoMutated
TEKSNIIQGW,1.2802152584423339,1.1587252252910472,Target,Cluster13,0.78555,0.78555,0.05798333333333339,0.16550999999999993,0.05798333333333339,0.16550999999999993,InSilicoMutated
TEKSNIIRAW,1.3775915875462836,0.4592878242378552,Target,Cluster1,0.6718333333333333,0.6718333333333333,0.22306666666666675,0.06023333333333325,0.22306666666666675,0.06023333333333325,InSilicoMutated
TEKSNIIRCW,0.6989253672152973,0.3000587681227645,Target,Cluster2,0.7424,0.7424,0.15250000000000008,0.13079999999999992,0.15250000000000008,0.13079999999999992,InSilicoMutated
TEKSNIIRDW,1.6420946008066664,1.072760636686431,Target,Cluster3,0.7973,0.7973,0.09760000000000002,0.18569999999999998,0.09760000000000002,0.18569999999999998,InSilicoMutated
TEKSNIIREW,1.2864551250630336,1.688232130343399,Target,Cluster4,0.8657,0.8657,0.029200000000000004,0.2541,0.029200000000000004,0.2541,InSilicoMutated
TEKSNIIRFW,0.17144568242040412,0.8090300701777836,Target,Cluster5,0.7489666666666667,0.7489666666666667,0.14593333333333336,0.13736666666666664,0.14593333333333336,0.13736666666666664,InSilicoMutated
TEKSNIIRGA,2.7733932799799854,-0.5747529388587612,Target,Cluster2,0.58814,0.6024172727272727,-0.5924172727272727,0.5924172727272727,0.24451,0.57814,InSilicoMutated
TEKSNIIRGC,1.9805696159051251,-0.4471189215613063,Target,Cluster1,0.01,0.01,0.5924172727272727,-0.5924172727272727,0.82265,0,InSilicoMutated
TEKSNIIRGD,1.5593465066827503,-0.4576207829358902,Target,Cluster1,0.01,0.01,0.5924172727272727,-0.5924172727272727,0.82265,0,InSilicoMutated
TEKSNIIRGE,1.786522530511329,0.13713662081350825,Target,Cluster1,0.01,0.01,0.5924172727272727,-0.5924172727272727,0.82265,0,InSilicoMutated
TEKSNIIRGF,2.6890030207672835,0.4300380895976548,Target,Cluster2,0.7924333333333333,0.6024172727272727,-0.5924172727272727,0.5924172727272727,0.04021666666666668,0.7824333333333333,InSilicoMutated
TEKSNIIRGG,2.4524454615874927,-0.8206894636421506,Target,Cluster2,0.2483,0.6024172727272727,-0.5924172727272727,0.5924172727272727,0.58435,0.23829999999999998,InSilicoMutated
TEKSNIIRGH,1.7248205486779458,0.439233756600812,Target,Cluster1,0.01,0.01,0.5924172727272727,-0.5924172727272727,0.82265,0,InSilicoMutated
TEKSNIIRGI,1.7583414548492888,-0.7993576573185015,Target,Cluster2,0.7346666666666667,0.6024172727272727,-0.5924172727272727,0.5924172727272727,0.09798333333333331,0.7246666666666667,InSilicoMutated
TEKSNIIRGK,2.079279275839966,0.2529764871268245,Target,Cluster1,0.01,0.01,0.5924172727272727,-0.5924172727272727,0.82265,0,InSilicoMutated
TEKSNIIRGL,2.8739548393591994,0.12709266396360064,Target,Cluster2,0.7822250000000001,0.6024172727272727,-0.5924172727272727,0.5924172727272727,0.05042499999999994,0.772225,InSilicoMutated
TEKSNIIRGM,2.8887550072284847,-0.24981372341304806,Target,Cluster2,0.657875,0.6024172727272727,-0.5924172727272727,0.5924172727272727,0.174775,0.647875,InSilicoMutated
TEKSNIIRGN,1.7704381216880685,-0.20204309545324314,Target,Cluster1,0.01,0.01,0.5924172727272727,-0.5924172727272727,0.82265,0,InSilicoMutated
TEKSNIIRGP,2.125650430488303,-0.8642448718275727,Target,Cluster2,0.24846666666666667,0.6024172727272727,-0.5924172727272727,0.5924172727272727,0.5841833333333333,0.23846666666666666,InSilicoMutated
TEKSNIIRGQ,1.474828943250702,0.16496856777064228,Target,Cluster1,0.01,0.01,0.5924172727272727,-0.5924172727272727,0.82265,0,InSilicoMutated
TEKSNIIRGR,1.4243309689528179,-0.15409429851999154,Target,Cluster1,0.01,0.01,0.5924172727272727,-0.5924172727272727,0.82265,0,InSilicoMutated
TEKSNIIRGS,2.1650528052596485,-0.11350589208369113,Target,Cluster1,0.01,0.01,0.5924172727272727,-0.5924172727272727,0.82265,0,InSilicoMutated
TEKSNIIRGT,2.098382094679782,0.6556285268390892,Target,Cluster2,0.1909,0.6024172727272727,-0.5924172727272727,0.5924172727272727,0.64175,0.18089999999999998,InSilicoMutated
TEKSNIIRGV,2.396391662276436,0.48707182931962995,Target,Cluster2,0.7201666666666666,0.6024172727272727,-0.5924172727272727,0.5924172727272727,0.11248333333333338,0.7101666666666666,InSilicoMutated
TEKSNIIRGW,-1.3877059137630656,2.2795221174611666,Target,Cluster11,0.83265,0.83265,0.005118421052631605,0.522968947368421,0.06645000000000001,0.82265,Original
TEKSNIIRGY,2.459811278381688,-0.4581245253941311,Target,Cluster2,0.8307666666666667,0.6024172727272727,-0.5924172727272727,0.5924172727272727,0.001883333333333348,0.8207666666666666,InSilicoMutated
TEKSNIIRHW,0.6366951889870605,1.660940039196933,Target,Cluster7,0.867,0.867,0.027900000000000036,0.25539999999999996,0.027900000000000036,0.25539999999999996,InSilicoMutated
TEKSNIIRIW,0.5051462668140951,0.8612521179798917,Target,Cluster8,0.8835,0.8835,0.011400000000000077,0.2718999999999999,0.011400000000000077,0.2718999999999999,InSilicoMutated
TEKSNIIRKW,1.182667293172941,0.7707063916379682,Target,Cluster9,0.8181499999999999,0.8181499999999999,0.0767500000000001,0.2065499999999999,0.0767500000000001,0.2065499999999999,InSilicoMutated
TEKSNIIRLW,0.8555852185145653,1.1083795651977526,Target,Cluster10,0.81385,0.81385,0.08105000000000007,0.20224999999999993,0.08105000000000007,0.20224999999999993,InSilicoMutated
TEKSNIIRMW,1.0152406235950442,1.4697536649812029,Target,Cluster11,0.80355,0.80355,0.09135000000000004,0.19194999999999995,0.09135000000000004,0.19194999999999995,InSilicoMutated
TEKSNIIRNW,1.5382011729389746,1.4350433128404902,Target,Cluster12,0.66115,0.66115,0.23375,0.04954999999999998,0.23375,0.04954999999999998,InSilicoMutated
TEKSNIIRPW,1.2802152584423339,1.1587252252910472,Target,Cluster13,0.7222333333333333,0.7222333333333333,0.17266666666666675,0.11063333333333325,0.17266666666666675,0.11063333333333325,InSilicoMutated
TEKSNIIRQW,1.5769360740953056,0.7552453000764056,Target,Cluster14,0.8524499999999999,0.8524499999999999,0.0424500000000001,0.2408499999999999,0.0424500000000001,0.2408499999999999,InSilicoMutated
TEKSNIIRRW,0.3896332482191081,0.49126714812613054,Target,Cluster15,0.8101333333333334,0.8101333333333334,0.08476666666666666,0.19853333333333334,0.08476666666666666,0.19853333333333334,InSilicoMutated
TEKSNIIRTW,0.316678034989135,1.570098027438853,Target,Cluster16,0.81195,0.81195,0.08295000000000008,0.20034999999999992,0.08295000000000008,0.20034999999999992,InSilicoMutated
TEKSNIIRVW,1.073685988991333,0.31998056759190213,Target,Cluster17,0.8906499999999999,0.8906499999999999,0.004250000000000087,0.2790499999999999,0.004250000000000087,0.2790499999999999,InSilicoMutated
TEKSNIIRWW,0.49324964347656497,1.2684220383517508,Target,Cluster18,0.8949,0.8949,-0.004250000000000087,0.2833,0,0.2833,InSilicoMutated
TEKSNIIRYW,0.15192559295524785,1.1918354414926366,Target,Cluster19,0.8526,0.8526,0.042300000000000004,0.241,0.042300000000000004,0.241,InSilicoMutated
TEKSNIISGW,0.3896332482191081,0.49126714812613054,Target,Cluster15,0.71955,0.71955,0.12398333333333333,0.09950999999999999,0.12398333333333333,0.09950999999999999,InSilicoMutated
TEKSNIITGW,0.316678034989135,1.570098027438853,Target,Cluster16,0.7651,0.7651,0.07843333333333335,0.14505999999999997,0.07843333333333335,0.14505999999999997,InSilicoMutated
TEKSNIIVGW,1.073685988991333,0.31998056759190213,Target,Cluster17,0.8300000000000001,0.8300000000000001,0.013533333333333286,0.20996000000000004,0.013533333333333286,0.20996000000000004,InSilicoMutated
TEKSNIIWGW,0.49324964347656497,1.2684220383517508,Target,Cluster18,0.7606,0.7606,0.0829333333333333,0.14056000000000002,0.0829333333333333,0.14056000000000002,InSilicoMutated
TEKSNIIYGW,0.15192559295524785,1.1918354414926366,Target,Cluster19,0.7383500000000001,0.7383500000000001,0.1051833333333333,0.11831000000000003,0.1051833333333333,0.11831000000000003,InSilicoMutated
TEKSNIKRGW,0.5051462668140951,0.8612521179798917,Target,Cluster8,0.7388,0.7388,0.12570000000000003,0.29385,0.12570000000000003,0.29385,InSilicoMutated
TEKSNILRGW,1.182667293172941,0.7707063916379682,Target,Cluster9,0.7464,0.7464,0.1181000000000001,0.30144999999999994,0.1181000000000001,0.30144999999999994,InSilicoMutated
TEKSNIMRGW,0.8555852185145653,1.1083795651977526,Target,Cluster10,0.8301000000000001,0.8301000000000001,0.034399999999999986,0.38515000000000005,0.034399999999999986,0.38515000000000005,InSilicoMutated
TEKSNINRGW,1.0152406235950442,1.4697536649812029,Target,Cluster11,0.79155,0.79155,0.07295000000000007,0.34659999999999996,0.07295000000000007,0.34659999999999996,InSilicoMutated
TEKSNIPRGW,1.5382011729389746,1.4350433128404902,Target,Cluster12,0.8645,0.8645,-0.008050000000000113,0.41955000000000003,0,0.41955000000000003,InSilicoMutated
TEKSNIQRGW,1.2802152584423339,1.1587252252910472,Target,Cluster13,0.8129,0.8129,0.05160000000000009,0.36794999999999994,0.05160000000000009,0.36794999999999994,InSilicoMutated
TEKSNIRRGW,1.5769360740953056,0.7552453000764056,Target,Cluster14,0.7919,0.7919,0.0726,0.34695000000000004,0.0726,0.34695000000000004,InSilicoMutated
TEKSNISRGW,0.3896332482191081,0.49126714812613054,Target,Cluster15,0.6974,0.6974,0.16710000000000003,0.25245,0.16710000000000003,0.25245,InSilicoMutated
TEKSNITRGW,0.316678034989135,1.570098027438853,Target,Cluster16,0.8564499999999999,0.8564499999999999,0.008050000000000113,0.4114999999999999,0.008050000000000113,0.4114999999999999,InSilicoMutated
TEKSNIVRGW,1.073685988991333,0.31998056759190213,Target,Cluster17,0.8122,0.8122,0.05230000000000001,0.36725,0.05230000000000001,0.36725,InSilicoMutated
TEKSNIWRGW,0.49324964347656497,1.2684220383517508,Target,Cluster18,0.829,0.829,0.03550000000000009,0.38404999999999995,0.03550000000000009,0.38404999999999995,InSilicoMutated
TEKSNIYRGW,0.15192559295524785,1.1918354414926366,Target,Cluster19,0.7134,0.7134,0.1511,0.26845,0.1511,0.26845,InSilicoMutated
TEKSNKIRGW,0.5051462668140951,0.8612521179798917,Target,Cluster8,0.7879,0.7879,0.08444999999999991,0.24655000000000005,0.08444999999999991,0.24655000000000005,InSilicoMutated
TEKSNLIRGW,1.182667293172941,0.7707063916379682,Target,Cluster9,0.8350500000000001,0.8350500000000001,0.03729999999999989,0.29370000000000007,0.03729999999999989,0.29370000000000007,InSilicoMutated
TEKSNMIRGW,0.8555852185145653,1.1083795651977526,Target,Cluster10,0.72885,0.72885,0.14349999999999996,0.1875,0.14349999999999996,0.1875,InSilicoMutated
TEKSNNIRGW,1.0152406235950442,1.4697536649812029,Target,Cluster11,0.8288500000000001,0.8288500000000001,0.04349999999999987,0.2875000000000001,0.04349999999999987,0.2875000000000001,InSilicoMutated
TEKSNPIRGW,1.5382011729389746,1.4350433128404902,Target,Cluster12,0.8391500000000001,0.8391500000000001,0.033199999999999896,0.29780000000000006,0.033199999999999896,0.29780000000000006,InSilicoMutated
TEKSNQIRGW,1.2802152584423339,1.1587252252910472,Target,Cluster13,0.87235,0.87235,-0.007649999999999935,0.33099999999999996,0,0.33099999999999996,InSilicoMutated
TEKSNRIRGW,1.5769360740953056,0.7552453000764056,Target,Cluster14,0.7404,0.7404,0.13195,0.19904999999999995,0.13195,0.19904999999999995,InSilicoMutated
TEKSNSIRGW,0.3896332482191081,0.49126714812613054,Target,Cluster15,0.82605,0.82605,0.04630000000000001,0.28469999999999995,0.04630000000000001,0.28469999999999995,InSilicoMutated
TEKSNTIRGW,0.316678034989135,1.570098027438853,Target,Cluster16,0.7836000000000001,0.7836000000000001,0.08874999999999988,0.24225000000000008,0.08874999999999988,0.24225000000000008,InSilicoMutated
TEKSNVIRGW,1.073685988991333,0.31998056759190213,Target,Cluster17,0.72595,0.72595,0.14639999999999997,0.1846,0.14639999999999997,0.1846,InSilicoMutated
TEKSNWIRGW,0.49324964347656497,1.2684220383517508,Target,Cluster18,0.7846,0.7846,0.08775,0.24324999999999997,0.08775,0.24324999999999997,InSilicoMutated
TEKSNYIRGW,0.15192559295524785,1.1918354414926366,Target,Cluster19,0.8647,0.8647,0.007649999999999935,0.32335,0.007649999999999935,0.32335,InSilicoMutated
TEKSPIIRGW,1.5382011729389746,1.4350433128404902,Target,Cluster12,0.88395,0.88395,0.013800000000000034,0.17149999999999999,0.013800000000000034,0.17149999999999999,InSilicoMutated
TEKSQIIRGW,1.2802152584423339,1.1587252252910472,Target,Cluster13,0.8244,0.8244,0.07335000000000003,0.11195,0.07335000000000003,0.11195,InSilicoMutated
TEKSRIIRGW,1.5769360740953056,0.7552453000764056,Target,Cluster14,0.71965,0.71965,0.17810000000000004,0.007199999999999984,0.17810000000000004,0.007199999999999984,InSilicoMutated
TEKSSIIRGW,0.3896332482191081,0.49126714812613054,Target,Cluster15,0.79805,0.79805,0.09970000000000001,0.08560000000000001,0.09970000000000001,0.08560000000000001,InSilicoMutated
TEKSTIIRGW,0.316678034989135,1.570098027438853,Target,Cluster16,0.7974,0.7974,0.10035000000000005,0.08494999999999997,0.10035000000000005,0.08494999999999997,InSilicoMutated
TEKSVIIRGW,1.073685988991333,0.31998056759190213,Target,Cluster17,0.84865,0.84865,0.04910000000000003,0.1362,0.04910000000000003,0.1362,InSilicoMutated
TEKSWIIRGW,0.49324964347656497,1.2684220383517508,Target,Cluster18,0.89775,0.89775,-0.013800000000000034,0.18530000000000002,0,0.18530000000000002,InSilicoMutated
TEKSYIIRGW,0.15192559295524785,1.1918354414926366,Target,Cluster19,0.8714999999999999,0.8714999999999999,0.026250000000000107,0.1590499999999999,0.026250000000000107,0.1590499999999999,InSilicoMutated
TEKTNIIRGW,0.316678034989135,1.570098027438853,Target,Cluster16,0.8664499999999999,0.8664499999999999,0.03265000000000007,0.16149999999999998,0.03265000000000007,0.16149999999999998,InSilicoMutated
TEKVNIIRGW,1.073685988991333,0.31998056759190213,Target,Cluster17,0.8365499999999999,0.8365499999999999,0.0625500000000001,0.13159999999999994,0.0625500000000001,0.13159999999999994,InSilicoMutated
TEKWNIIRGW,0.49324964347656497,1.2684220383517508,Target,Cluster18,0.8401,0.8401,0.05900000000000005,0.13515,0.05900000000000005,0.13515,InSilicoMutated
TEKYNIIRGW,0.15192559295524785,1.1918354414926366,Target,Cluster19,0.8298,0.8298,0.06930000000000003,0.12485000000000002,0.06930000000000003,0.12485000000000002,InSilicoMutated
TELSNIIRGW,0.8555852185145653,1.1083795651977526,Target,Cluster10,0.7388333333333333,0.7388333333333333,0.16010000000000002,0.13807083333333336,0.16010000000000002,0.13807083333333336,InSilicoMutated
TENSNIIRGW,1.0152406235950442,1.4697536649812029,Target,Cluster11,0.8698,0.8698,0.029133333333333344,0.26903750000000004,0.029133333333333344,0.26903750000000004,InSilicoMutated
TEPSNIIRGW,1.5382011729389746,1.4350433128404902,Target,Cluster12,0.8576333333333334,0.8576333333333334,0.0413,0.2568708333333334,0.0413,0.2568708333333334,InSilicoMutated
TEQSNIIRGW,1.2802152584423339,1.1587252252910472,Target,Cluster13,0.82655,0.82655,0.07238333333333336,0.22578750000000003,0.07238333333333336,0.22578750000000003,InSilicoMutated
TERSNIIRGW,1.5769360740953056,0.7552453000764056,Target,Cluster14,0.8423499999999999,0.8423499999999999,0.05658333333333343,0.24158749999999996,0.05658333333333343,0.24158749999999996,InSilicoMutated
TESSNIIRGW,0.3896332482191081,0.49126714812613054,Target,Cluster15,0.8118,0.8118,0.0871333333333334,0.2110375,0.0871333333333334,0.2110375,InSilicoMutated
TETSNIIRGW,0.316678034989135,1.570098027438853,Target,Cluster16,0.8739,0.8739,0.025033333333333352,0.27313750000000003,0.025033333333333352,0.27313750000000003,InSilicoMutated
TEVSNIIRGW,1.073685988991333,0.31998056759190213,Target,Cluster17,0.6954,0.6954,0.20353333333333334,0.09463750000000004,0.20353333333333334,0.09463750000000004,InSilicoMutated
TEWSNIIRGW,0.49324964347656497,1.2684220383517508,Target,Cluster18,0.7916333333333333,0.7916333333333333,0.10730000000000006,0.19087083333333332,0.10730000000000006,0.19087083333333332,InSilicoMutated
TEYSNIIRGW,0.15192559295524785,1.1918354414926366,Target,Cluster19,0.750175,0.750175,0.14875833333333333,0.14941250000000006,0.14875833333333333,0.14941250000000006,InSilicoMutated
TFKSNIIRGW,-0.8845507866183057,0.1900507509061983,Target,Cluster1,0.01,0.01,0.4415049851190476,-0.4415049851190476,0.82265,0,InSilicoMutated
TGKSNIIRGW,-1.109674094233831,0.5544350003191839,Target,Cluster2,0.3599,0.45150498511904763,-0.4415049851190476,0.4415049851190476,0.47275,0.3499,InSilicoMutated
THKSNIIRGW,-0.6808710877726157,1.16049483351278,Target,Cluster2,0.19243333333333335,0.45150498511904763,-0.4415049851190476,0.4415049851190476,0.6402166666666667,0.18243333333333334,InSilicoMutated
TIKSNIIRGW,-0.990682328371896,1.1024135932177765,Target,Cluster2,0.38139999999999996,0.45150498511904763,-0.4415049851190476,0.4415049851190476,0.45125000000000004,0.37139999999999995,InSilicoMutated
TKKSNIIRGW,-0.6048765645322366,0.37513569142204906,Target,Cluster1,0.01,0.01,0.4415049851190476,-0.4415049851190476,0.82265,0,InSilicoMutated
TLKSNIIRGW,-1.498724387564862,-0.14862597190468396,Target,Cluster2,0.287425,0.45150498511904763,-0.4415049851190476,0.4415049851190476,0.5452250000000001,0.277425,InSilicoMutated
TMKSNIIRGW,-0.4433738709483815,0.8599360262984365,Target,Cluster2,0.4347285714285714,0.45150498511904763,-0.4415049851190476,0.4415049851190476,0.3979214285714286,0.4247285714285714,InSilicoMutated
TNKSNIIRGW,-0.5020770458057646,0.0492783265499537,Target,Cluster1,0.01,0.01,0.4415049851190476,-0.4415049851190476,0.82265,0,InSilicoMutated
TPKSNIIRGW,-1.3488052259816365,0.8663365444513502,Target,Cluster2,0.2838333333333333,0.45150498511904763,-0.4415049851190476,0.4415049851190476,0.5488166666666667,0.2738333333333333,InSilicoMutated
TQKSNIIRGW,-0.8044771679386935,-0.1757559134738424,Target,Cluster2,0.6917,0.45150498511904763,-0.4415049851190476,0.4415049851190476,0.14095000000000002,0.6817,InSilicoMutated
TRKSNIIRGW,-0.33030462453151865,0.4940834713748191,Target,Cluster1,0.01,0.01,0.4415049851190476,-0.4415049851190476,0.82265,0,InSilicoMutated
TSKSNIIRGW,-1.1350084657347983,-0.23935451761045637,Target,Cluster2,0.5190333333333333,0.45150498511904763,-0.4415049851190476,0.4415049851190476,0.31361666666666665,0.5090333333333333,InSilicoMutated
TTKSNIIRGW,-0.7678137862140382,0.7566756098866528,Target,Cluster2,0.5591666666666667,0.45150498511904763,-0.4415049851190476,0.4415049851190476,0.2734833333333333,0.5491666666666667,InSilicoMutated
TVKSNIIRGW,-1.7836564204555427,0.8084090351726423,Target,Cluster2,0.4934666666666667,0.45150498511904763,-0.4415049851190476,0.4415049851190476,0.3391833333333333,0.4834666666666667,InSilicoMutated
TWKSNIIRGW,-1.58397060255478,1.0960205364389395,Target,Cluster2,0.288775,0.45150498511904763,-0.4415049851190476,0.4415049851190476,0.543875,0.278775,InSilicoMutated
TYKSNIIRGW,-1.8638887860044016,0.46382417100519335,Target,Cluster2,0.393775,0.45150498511904763,-0.4415049851190476,0.4415049851190476,0.438875,0.383775,InSilicoMutated
VEKSNIIRGW,0.49324964347656497,1.2684220383517508,Target,Cluster18,0.8424,0.8424,0.004249999999999976,0.1246666666666667,0.004249999999999976,0.1246666666666667,InSilicoMutated
YEKSNIIRGW,0.15192559295524785,1.1918354414926366,Target,Cluster19,0.8338,0.8338,0.012850000000000028,0.11606666666666665,0.012850000000000028,0.11606666666666665,InSilicoMutated
WEKSNIIRGW,0.8129063186460398,0.6340517273701918,Target,Cluster20,0.7177333333333333,0.7177333333333333,0.12891666666666668,-0.09971666666666668,0.12891666666666668,0,InSilicoMutated
TEMSNIIRGW,0.8129063186460398,0.6340517273701918,Target,Cluster20,0.6007625,0.6007625,0.2981708333333334,-0.09463750000000004,0.2981708333333334,0,InSilicoMutated
TEKMNIIRGW,0.8129063186460398,0.6340517273701918,Target,Cluster20,0.70495,0.70495,0.19415000000000004,-0.053300000000000125,0.19415000000000004,0,InSilicoMutated
TEKSAIIRGW,0.8129063186460398,0.6340517273701918,Target,Cluster20,0.71245,0.71245,0.18530000000000002,-0.007199999999999984,0.18530000000000002,0,InSilicoMutated
TEKSNGIRGW,0.8129063186460398,0.6340517273701918,Target,Cluster20,0.54135,0.54135,0.33099999999999996,-0.08939999999999992,0.33099999999999996,0,InSilicoMutated
TEKSNIGRGW,0.8129063186460398,0.6340517273701918,Target,Cluster20,0.44495,0.44495,0.41955000000000003,-0.19250000000000006,0.41955000000000003,0,InSilicoMutated
TEKSNIIFGW,0.8129063186460398,0.6340517273701918,Target,Cluster20,0.62004,0.62004,0.22349333333333332,-0.00810999999999995,0.22349333333333332,0,InSilicoMutated
TEKSNIIRSW,0.8129063186460398,0.6340517273701918,Target,Cluster20,0.6116,0.6116,0.2833,-0.04954999999999998,0.2833,0,InSilicoMutated
